"Identifier","Context","Source string","Translation"
"THSD001BE","Becky","No, I am not kidding! We need more flowers for the musical number! And let's pick up the pace on the lighting cues, huh?",""
"THSD002BE","Becky","Okay, people, let's go.  I want to see happy! Happy, happy, happy!",""
"THSD003BE","Becky","Hey, you!  You are not selling me happy! Don't make me come over there! I will beat it out of you if I have to!",""
"THSD004BE","Becky","Finally!",""
"THSD005BE","Becky","Okay, the leading man is here. Somebody tell wardrobe and make-up. He's cute, but he needs a LOT of work.",""
"THSD006BE","Becky","Where were you? We have been improvising forever! Just go to your mark and be ready with your lines!",""
"THSD007BE","Becky","I HOPE you know your lines!",""
"THSD041BE","Becky","You'd better be right. She'd better show this time!",""
"THSD042BE","Becky","Alright, people, let's go in Five! Four! Three!",""
"THSD026BE","Becky","Okay we need the sun out here, pronto! Cue the sun! Cue the sun!",""
"THSD027BE","Becky","Bonita Soleil, on stage right now!",""
"THSD028BE","Becky","Soleil's a no-show AGAIN. Okay, you know what that means! Time to swap plays! Strike the stage! ""Sunshine Shenanigans"" is a wrap. Let's set it up for ""The Horror of Hagatha Home"" on the double! Let's go go go!",""
"THSD029HF","Yellow-Actor","Ahhhhh!","А-а-ах-х!"
"THSD030HF","Yellow-Actor","Hey, there hi there ho there, little buddy! Wwwwwwwwhat makes you want to go in a dark ol' place like that?",""
"THSD031SF","Pink-Flower","There's nothing in there but a bunch of frowny-downy, mopey-dopey, sad-face memories!",""
"THSD032FF","Orange-Flower","Yeah, ain't no happy place no how! You don't wanna go in there.",""
"THSD033HF","Yellow-Actor","What's that? You don't want to go in there? Why, that's just swell!",""
"THSD034HF","Yellow-Actor","Yay!","Ура!"
"THSD035HF","Yellow-Actor","Hey, buddy! Don't go there! Ha ha!",""
"THSD036HF","Yellow-Actor","Ha ha!","Ха-ха!"
"THSD038HF","Yellow-Actor","No, seriously. DON'T. GO. THERE.",""
"THSD039HF","Yellow-Actor","Ha ha ha!","Ха-ха-ха!"
"THSD040HF","Yellow-Actor","HA HA!","ХА-ХА!"
"THSN001HT","Hound-Actor","Bad! Bad girls! All I see are bad girls! Especially you!",""
"THSN002ST","Small-Thistle","Me? But what did I do?",""
"THSN003FT","Big-Thistle","You forgot yer lines stupid!",""
"THSN004HT","Hound-Actor","Your parents paid a lot of money to send you here to Hagatha Home School for Girls!",""
"THSN005ST","Small-Thistle","I don't want to study theater! I don't want to study dance! I want to go home!",""
"THSN006FT","Big-Thistle","What fur? You parents don't want ya, or they wouldn'ta sent ya here, now would they! Ha ha!",""
"THSN007ST","Small-Thistle","Well, then. Neither do yours!",""
"THSN008FT","Big-Thistle","She's right!",""
"THSN009HT","Hound-Actor","Ohhhh-oh! Oh, oh, oh. Ohhhh-ohhhhh ohhhhh! OH!",""
"THSN010ST","Small-Thistle","Hey, you! Do you know your lines!?",""
"THSN011RA","Raz","Uh...","Е-е..."
"THSN012ST","Small-Thistle","This little girl doesn't know her lines!",""
"THSN013FT","Big-Thistle","Get 'er!",""
"THSN014HT","Hound-Actor","Ahhhhhhhh!","Ах-х-х-х-х-!"
"THSD044BE","Becky","Don't bug me with that. Do I look like the prop master?",""
"THSD045BE","Becky","Will that help me find the understudy for puppy #10? Hmmm? No? THEN IT'S OF NO USE TO ME!!!",""
"THSD046BE","Becky","Do I need this? Do I need more stress???",""
"THSD047BE","Becky","Out of the way, prop!",""
"THSD048BE","Becky","Yeah, yeah, yeah. Whatever.",""
"THSD049BE","Becky","Not on my stage, kid!",""
"THSD050BE","Becky","Don't touch anything! This is an extremely controlled environment!",""
"THSD051BE","Becky","Everything is as it should be!",""
"THSD052BE","Becky","A place for every actor and every actor in their place!",""
"THSD053BE","Becky","I can do this. I can do this. I can do this.",""
"THSD054BE","Becky","I am in control. I am in control. I am in control.",""
"THSD055BE","Becky","People are listening to me. People listen to me. People care about what I have to say. People respect me. People are listening to me.",""
"THSD056BE","Becky","Why do you all hate me!?!",""
"THSD057BE","Becky","Oh, shut up, you stupid, happy, morons.",""
"THSD058BE","Becky","The only thing that would help this play is weed killer!",""
"THSD059BE","Becky","Okay, forget I said that! I just want happy! Happy, happy, happy!",""
"THSD060BE","Becky","Come on. Use it in your acting.",""
"THSD061BE","Becky","You're professionals!",""
"THSD062BE","Becky","Let's go go go!",""
"THSD063BE","Becky","Make way!",""
"THSD064BE","Becky","Hey! I'll pluck those wings off one by one if you don't do what I say!",""
"THSD065BE","Becky","Don't mess with me, you mutts. I know a vet who owes me a favor!",""
"THSD066SF","Pink-Flower","Ha ha! Look at what he's got!",""
"THSD067HF","Yellow-Actor","Hey, that makes me happy!",""
"THSD068HF","Yellow-Actor","What's up, friend? Want to do the happy dance?",""
"THSD069HF","Yellow-Actor","Weee-heel, that's not very happy, is it?",""
"THSD070SF","Pink-Flower","I think you need a caboose hug!",""
"THSN015HT","Hound-Actor","What's that? Are you threatening me, little girl?",""
"THSN016RA","Raz","I'm not a girl!",""
"THSN017ST","Small-Thistle","Get her!",""
"THSN018FT","Big-Thistle","You messin' with some bad plants now, kid.",""
"THSN019ST","Small-Thistle","Out of the way! Nobody likes you!",""
"THSN020ST","Small-Thistle","Your mom and dad don't like you especially!",""
"THSN021HT","Hound-Actor","Do your chores!",""
"THSN022FT","Big-Thistle","Study your lines!",""
"THSN023HT","Hound-Actor","I wish I were dead.",""
"THSN024ST","Small-Thistle","I wish we were all dead.",""
"THSN025HT","Hound-Actor","Today's even worse than yesterday!",""
"THSN026ST","Small-Thistle","Don't break stuff! See? That's why people don't like you!",""
"THSD077BE","Becky","Come with me, quick!",""
"THSD078BE","Becky","Hurry! You're on in five!",""
"THSD079BE","Becky","There's your mark. Hit it, love it, marry it, don't ever abandon it!",""
"THSD080BE","Becky","It doesn't matter how old she gets.",""
"THSD081RA","Raz","Hi. I found this...",""
"THSD082BE","Becky","What?! Another new script? But I was just getting the old one under control!",""
"THSD083BE","Becky","Okay, everybody, listen up! We got a completely new script here, so drop what you're doing and let's change gears.",""
"THSD084HF","Yellow-Actor","Ahhhhhhhhh!",""
"THSD086BE","Becky","Can we fix the lights, please?",""
"THSD087BE","Becky","Sorry, kid. We're not taking play submissions right now. Try again later.",""
"THSD088BE","Becky","Sigh. Writing is dead.",""
"THSD089BE","Becky","Pftt!",""
"THSD090BE","Becky","Seen it!",""
"THSD091BE","Becky","Doesn't any one write anything fresh any more?",""
"THSD092BE","Becky","Hmmm. Not bad for a first read, everybody!",""
"THSD093BE","Becky","That's it?",""
"THSD101HF","Yellow-Actor","Huzzah! Forsooth! What is thine sweet smell in the aire?","Овва! Який воістину принадний запах має се повітря."
"THSD102SF","Pink-Flower","Rejoice! For Spring has besatten upon ourselves, and the spirit of May is a-lingering!","Веселіться! Весна вже стукає у двері, травневим духом сповнені серця!"
"THSD103FF","Orange-Flower","Let us spin and be happy, entwined in this pole of love, forever young and twisty.","Покрутимось-но радісно, оплетемо стовп любові, вічно молодий та виткий."
"THSD104HF","Yellow-Actor","Hurray! Maypole! Maypole! Maypole!","Ура! Травневе дерево! Травневе дерево!"
"THSD105SF","Pink-Flower","Oh, sigh.",""
"THSD106FF","Orange-Flower","Whatever is wrong, little girl?",""
"THSD107SF","Pink-Flower","Well, my family has left me alone in a bad, bad place for many years, and I don't know if they will ever come back for me.",""
"THSD108FF","Orange-Flower","Ah, don't worry. I'm sure they'll come for you and you'll never have to think of that bad place again, ever.",""
"THSD109SF","Pink-Flower","Hey, you're right! I think I see them now!",""
"THSD111HF","Yellow-Actor","Hello, my dear beloved daughter. We have come back for you. Please come with us and be happy and never think of this terrible, terrible place again!",""
"THSD112HF","Yellow-Actor","THE END.","КІНЕЦЬ."
"THSD113HF","Yellow-Actor","AHHHHHHHH! AH-HA-HAAAAAA!",""
"THSD114HT","Hound-Actor","Bwah-ha-ha!","Пха-ха-ха!"
"THSD115HF","Yellow-Actor","Yay! Snow! Weee!",""
"THSD116HT","Hound-Actor","Sigh. Woe is me. Always, snow.",""
"THSD117SF","Pink-Flower","You--you--",""
"THSD118FF","Orange-Flower","You shot him!",""
"THSD119SF","Pink-Flower","He's dead!",""
"THSD120HF","Yellow-Actor","I... was just... trying to... entertain… Glllllk!",""
"THSD121RA","Raz","I... I didn't mean to... I...",""
"THSD122SF","Pink-Flower","UNDERSTUDY!",""
"THSD123RA","Raz","Hey, can I have a ride up to the balcony please?",""
"THSD124HF","Yellow-Actor","Gee, why would you want to go there? That's not a happy place!",""
"THSD125RA","Raz","I... uh... want to spread some, uh, happiness over there.",""
"THSD126HF","Yellow-Actor","Hey, that's a great idea! Help yourself!",""
"THSD127RA","Raz","What a jerk!",""
"THSD128RA","Raz","If I could just get up there, I'd show him.",""
"THSD129RA","Raz","If I only had some Psychic flying or something. Or some stilts, or a helicopter.",""
"THSD130RA","Raz","Ooof!","У-у-уф!"
"THSD131RA","Raz","Ghhh!",""
"THSD132RA","Raz","Grrrrrrrr!",""
"THSD133RA","Raz","Ouch!","Ай!"
"THSD134RA","Raz","That hurt!","Боляче!"
"THSD135RA","Raz","Ow!","Ой!"
"THSD136RA","Raz","Dang!",""
"THSD137RA","Raz","Cut it out!",""
"THSD138RA","Raz","Stop that!",""
"THSD139RA","Raz","I hate that guy.",""
"THSD140RA","Raz","Down puppies! Nice puppies! Down!",""
"THSD141RA","Raz","Here birdie, birdie!","Сюди, ціп-ціп!"
"THSD142RA","Raz","Sit!",""
"THSD143RA","Raz","Stay!",""
"THSD144RA","Raz","Go away!",""
"THSD145RA","Raz","Wait, keep back. I have a cold.",""
"THSD146RA","Raz","Ick.",""
"THSD147RA","Raz","Hello!",""
"THSD148RA","Raz","Hi. My name is Raz.",""
"THSD149RA","Raz","It's short for Razputin!",""
"THSD150RA","Raz","Hey, who's that?",""
"THSD151RA","Raz","If I could only get up there somehow.",""
"THSD152RA","Raz","Hmmm.","Гм-м-м."
"THSD153RA","Raz","Hm-mmm.","Гм-м-м-м."
"THSD155RA","Raz","Hmm?","Гм-м?"
"THSD156RA","Raz","Hm.","Гм."
"THSD157RA","Raz","Woo-hoo!","Ву-ху!"
"THSD158RA","Raz","Ta-da!","Та-дам!"
"THSD159RA","Raz","Rrrrr!","Р-р-р!"
"THSD160RA","Raz","No room to think in here.",""
"THSD162RA","Raz","I need to get that script back, I think!",""
"THSD163RA","Raz","Heh heh heh!",""
"THSD165RA","Raz","Huh?","Га?"
"THSD166RA","Raz","What the--",""
"THSD167RA","Raz","Weeeee!",""
"THCW002PT","Phantom","Ho-ho!","Хо-хо!"
"THCW003PT","Phantom","Heh.","Хе."
"THCW004PT","Phantom","Heh-heh.","Хе-хе."
"THCW005PT","Phantom","Arrrrr!","Ар-р-р!"
"THCW006PT","Phantom","Oooof!","У-у-у-уф!"
"THCW007PT","Phantom","Ah! You! You did this to me! I'll get you!",""
"THCW008PT","Phantom","AHHGH! What have you done to me?! My beautiful face! I'll get you for this!",""
"THRA001BE","Becky","Hmmmmm.","Гм-м-м-м-м."
"THRA002BE","Becky","I can do this. I can do this. I can do this. I am in control. I am in control. I am in control. People are listening to me. People listen to me. People care about what I have to say. People respect me. People are listening to me.",""
"THRA001JA","Jasper","(snarf.)","(чавкає)"
"THRA001GL","Gloria","Ooooooh.","О-о-о-ох."
"THSD008BE","Becky","Alright, this is it. Cue the sun in five! Four! Three!",""
"THSD009JA","Jasper","Ha! I've seen better shines on a shoe!","Ха! Та мої черевики сяють яскравіше, ніж вона!"
"THSD010JA","Jasper","Yeah, you heard me! Up here, sunshine! This play stinks! You call that a costume? You look like a tin-foil ornament on top a Christmas tree of mediocrity.",""
"THSD011JA","Jasper","I, Jasper Rolls, the esteemed and famous critic, say it's time to drag this whole play outside and leave it on the curb for the garbage men.",""
"THSD012JA","Jasper","Why don't you quit while you can still get a job as a night light! Ah-ha-ha!",""
"THSD013JA","Jasper","Though predictable and melodramatic, Bonita Soleil's exits are always this reviewer's favorite part of her performance.",""
"THSD014BE","Becky","Okay, let's try this one more time. Cue the sun!",""
"THSD015JA","Jasper","I've heard that stars are full of hot gas, but this one takes the cake!",""
"THSD016JA","Jasper","...combines a supernova ego with white dwarf talent...",""
"THSD017JA","Jasper","I hope you didn't forget your lines. The mind is the first thing to go in OLD AGE, you know.",""
"THSD018JA","Jasper","This play needs another run through the typewriter. No, wait. Make that a shredder!",""
"THSD019JA","Jasper","Boooo! Get off the stage!",""
"THSD020JA","Jasper","Hsssss! Hsssss!",""
"THSD021JA","Jasper","Isn't it time for you to set?",""
"THSD022JA","Jasper","I can see why they say not to stare at the sun too long or you'll go blind.",""
"THSD023JA","Jasper","My kid puts on better plays in the backyard!",""
"THSD024JA","Jasper","Are you going to try to sing? Hold on. Where's my pen? I need to jam it into my ears.",""
"THSD025JA","Jasper","You've got less talent than this piece of--no, wait… than THIS piece of popcorn. That first one was too big!",""
"THAC000RA","Raz","Excuse me, Miss Soleil? I heard you were feeling bad, so I just wanted to say that...","Перепрошую, пані Солей? Я чув, що ви погано почуваєтеся, тому хочу запевнити..."
"THAC001RA","Raz","...whatever you're going through, you're not alone. ","Що б у вас не стало на шляху, ви не сама."
"THAC002RA","Raz","I used to be a performer myself and I know how hard it is when--","Я й сам раніше виступав, тому знаю, наскільки це буває складно..."
"THAC003BT","Bonita","Kid, can't you see I'm trying to have a moment here?","Малий, ти хіба не бачиш, що мені зараз не до цього?"
"THAC004RA","Raz","Whoa. Sorry. I was looking for Bonita Soleil.","Ой. Вибачаюсь. Я шукав Боніту Солей."
"THAC005BT","Bonita","You mean the personal muse of Gloria Von Gouton? Her inner sunshine?","Ти про особисту музу Ґлорії фон Ґутен? Її внутрішнє сяйво?"
"THAC006RA","Raz","The spirit of her youth, yes.","І дух її молодості, так."
"THAC007BT","Bonita","That's me. Whaddya want? An autograph? I'm kinda busy here.","Це я. Шо ти хочеш? Автограф? Я тут зайнята взагалі-то."
"THAC008RA","Raz","So, are you ready for your big number?","Отже, ви готові до вашого грандіозного номера?"
"THAC009BT","Bonita","Did you put a candle in that spotlight and light it yet?","Ти вже поклав і запалив свічку в прожекторі?"
"THAC010RA","Raz","No. But I'm ABOUT to, so uh... five minutes, Miss Soleil!","Ні. Але вже ОСЬ-ОСЬ це зроблю... е-е, дайте мені п'ять хвилин, пані Солей!"
"THAC011BT","Bonita","Thanks, Sonny.","Дякую, сонце."
"THAC012RA","Raz","Now you see, that performance is exactly why we need to practice.","Бачите, той виступ був черговим доказом, як важливо репетирувати."
"THAC013BT","Bonita","Beat it, kid. I'm through.","Кінчай із цим, малий. Я вже все."
"THAC014BT","Bonita","As long as Jasper and that Phantom are out there, I'm staying back here...","Поки Джаспер і Примара досі там, я сидітиму тут..."
"THAC015BT","Bonita","...wallowing in my glamorous torment.","Гламурно маринуючись у власних муках."
"THAC016RA","Raz","The show must go on!","Шоу має продовжуватись!"
"THAC017BT","Bonita","Yeah, it must go on without me, as long as Jasper Rolls and that Phantom are out there!","Так, але без мене. Поки Джаспер Роллс і Примара досі там!"
"THAC018BT","Bonita","Sorry, kid.","Вибачай, малий."
"THAC019RA","Raz","They need you on stage right away for your big number!","Вас кличуть на сцену, на ваш грандіозний номер!"
"THAC020BT","Bonita","Am I not playing this right or something? I'm drowning in a quagmire of self pity!","Я що, недостатньо переконливо граю? Я ж прямо тону в трясовині власного жалю!"
"THAC021BT","Bonita","Why aren't you getting that? Should I be doing more with my hands?","Чи тобі цього мало? Може треба більше жестикулювати?"
"THAC022RA","Raz","So  who's that crying?","А хто плаче?"
"THAC023BT","Bonita","Oh, sorry--","Ой, вибачаюсь..."
"THAC024BT","Bonita","Hey, can we kill the waterworks for a second?","Гей, вирубіть цей фонтан на хвилинку."
"THAC025BT","Bonita","Thanks.","Дяки."
"THAC026BT","Bonita","It's a recording. It helps me focus.","Це запис. З ним я краще зосереджуюсь."
"THAC027RA","Raz","So, you're not going out on stage?","Тож, ви не вийдете на сцену?"
"THAC028BT","Bonita","Have you seen any of the plays we put on here? Those god-awful slices of Gloria's terrible life? ","Ти бачив, які в нас тут п'єси ставлять? Ті мракобісні відрізки нестерпного життя Ґлорії."
"THAC029BT","Bonita","How am I supposed to bring light to those?","Як мені в них сяяти?"
"THAC030BT","Bonita","Listen, the burden of being the only sunshine in this theater is just too much for one beautiful, glowing, inspirational muse to bear you know?","Слухай, я в цьому театрі єдиний промінчик світла в темряві. Для такої прекрасної, надхненної музи такий тягар швидко виснажує."
"THAC031RA","Raz","You're not scared of that Phantom are you?","Ви ж не боїтеся Примару, так?"
"THAC032BT","Bonita","No, it's not him I'm frightened of.","Ні. Якщо когось і боюся, то точно не її."
"THAC033BT","Bonita","It's that fat one who clings to the side of the theater like a blood-swollen tick, sucking out its life.","Мене більше бентежить той зажирілий критик, який вчепився в театр немов кліщ, висмоктуючи з нього все живе."
"THAC034RA","Raz","Ew.","Фу."
"THAC035BT","Bonita","He's always been there, but he wasn't always that big and loud. ","Він завжди тут був. Але раніше він був менше й тихіше."
"THAC036BT","Bonita","I couldn't hear him much at all, really, until Gloria's mother hit the stage.","Я його майже не чула, допоки мати Ґлорії не завалилася на сцену."
"THAC037RA","Raz","He didn't like her performance either?","Її виступ йому теж не сподобався?"
"THAC038BT","Bonita","No, I mean HIT the stage. Ker-splat.","Ні, вона буквально ЗВАЛИЛАСЯ. Як ляпнулась. "
"THAC039BT","Bonita","Jumped from the catwalks while Gloria was in Paris. ","Зістрибнула з підмостків, поки Ґлорія була в Парижі."
"THAC041BT","Bonita","Yeah, that's what the janitor said too.","Ага, прибиральник сказав те саме."
"THAC042RA","Raz","I haven't seen any plays. How do I see a play?","Я не бачив жодних п'єс. Як мені їх організувати?"
"THAC043BT","Bonita","Well, those actors are worthless without a good script.","Почнімо з того, що ці актори без сценарію — ніхто."
"THAC044BT","Bonita","Just find a script and give it to that bossy little dynamo with the headphones, she'll know what to do.","Знайди якусь гарну писанину, віддай тій моторній панянці в навушниках, а далі вона розбереться."
"THAC045RA","Raz","Where do I find a script?","Де мені знайти сценарій?"
"THAC046BT","Bonita","Those actors are always hiding copies on one set or another, in case they forget their lines.","Актори завжди ховають копії на тому чи іншому майданчику на випадок, якщо забудуть свої фрази."
"THAC047BT","Bonita","And that mean, fat, horrible Jasper has one he's always trying to get produced.","І в того клятого товстюха Джаспера теж має бути один, який він постійно намагається пропхати."
"THAC048BT","Bonita","When you find a script, give it to Becky Houndstooth.","Коли знайдеш сценарій, віддай його Бекі Гаундстус."
"THAC049BT","Bonita","But be careful.  If you play a script on a set it wasn't written for, you never know what might happen!","Але будь обережний. Хто зна, що може статися, якщо пустиш п'єсу в непризначених для неї декораціях!"
"THAC050RA","Raz","Is there any way I can get you to take the stage? For the fans?","Що мені зробити, щоб ви вийшли на сцену? Фанати чекають."
"THAC051BT","Bonita","If you can get me some help out there, so I'm not the only light on the set...","Зроби так, щоб я не була єдиним сяйвом на тій сцені..."
"THAC052RA","Raz","I'll turn on a spotlight!","Я увімкну прожектор!"
"THAC053BT","Bonita","Eh, that could work, but you'll need a candle...","Ну, як варіант, але тобі знадобиться свічка..."
"THAC054BT","Bonita","I think there might be a spare in the storeroom.","У коморі має бути запасна."
"THAC055BT","Bonita","If you can get a candle into a spotlight and light it, I'll come out and give the show one last try.","Якщо поставиш свічку в прожектор і запалиш її, тоді я вийду й востаннє спробую щось показати."
"THAC056BT","Bonita","But I'm not promising anything!","Але нічого не обіцяю!"
"THAC057RA","Raz","I'll leave you alone now. I know you have a lot of crying to do.","Залишу вас наодинці. Вам ще багато сліз треба пролити."
"THAC058BT","Bonita","Thank you. Now where was I?","Дякую. Тож, на чому я зупинилась?"
"THJA000JA","Jasper","ZZzzzzzZZZzz.","(хропе)"
"THJA001JA","Jasper","ZZzzzz. ZzzZZZZZZ.","(хропе)"
"THJA002JA","Jasper","Zzzzzz-ZZzzzzz.","(хропе)"
"THJA003RA","Raz","Hey, can you help me get up to the catwalks so I can fight that phantom?","Гей, не допоможете мені піднятися на підмостки, щоб я поборов Примару?"
"THJA004JA","Jasper","Ha! Can't get there from here! Ha ha ha!","Ха! Звідси туди не піднятись! Ха-ха-ха!"
"THJA005JA","Jasper","I mean, unless you did that one, particular play on that one, particular set...","Хіба що ти поставиш ту саму п'єсу, в тих самих декораціях..."
"THJA006JA","Jasper","Oh, but what am I saying? That's almost impossible. ","Ох, та сенс тобі це казати. Це майже неможливо."
"THJA007JA","Jasper","Forget about it. The theater is doomed!","Забудь. Театр приречений!"
"THJA009JA","Jasper","Ah, you've tasted excellence, and now you're back, begging for another bowl of quality theater?","О, невже ти пройнявся витонченим смаком і прийшов благати про чергову порцію якісного театру?"
"THJA011JA","Jasper","Ew, oh. Well unfortunately for you that's the last script I'll waste on this theater. ","А, тю. На твоє нещастя, це був останній сценарій, який я кинув у топку цього театру."
"THJA012JA","Jasper","I'm saving the rest for Broadway!","Решту я прибережу для Бродвею!"
"THJA013JA","Jasper","Just dig around the sets. I'm sure you'll find some horrible scripts in there. ","Пошастайся в різних декораціях. Певен, якусь гидючу писанину да знайдеш."
"THJA014JA","Jasper","Oh, except do NOT do that, because they certainly would NOT help you get to the catwalks, which are very dangerous anyway, so give up.","А хоча, можеш навіть НЕ намагатися, тому що вони тобі все одно НЕ допоможуть дістатися підмостків. Там небезпечно, тому здавайся."
"THJA015RA","Raz","You're mean and fat.","Ви — злий товстун."
"THJA016JA","Jasper","And?","І?"
"THJA017RA","Raz","Just giving you the update.","Просто тримаю в курсі."
"THJA018JA","Jasper","At least I'm good at it.","І я добре справляюся з цією роллю."
"THJA020JA","Jasper","I'm trying to save you from that mysterious Phantom character!","Я намагаюся врятувати вас від таємничого Примари!"
"THJA021JA","Jasper","He only attacks when Bonita performs!","Він нападає лише коли виступає Боніта!"
"THJA022JA","Jasper","If we got rid of Little Miss Sunshine, we'd all be safer now wouldn't we?","Якщо ми позбудемося цієї сонцесяйної мадам, спокійніше буде всім, хіба ні?"
"THJA023JA","Jasper","I'm only thinking of the children. ","Безпека дітей понад усе."
"THJA025JA","Jasper","The young boy's protests, though heartfelt, quickly lapsed into simplistic and tedious platitudes. One and a half stars!","Протест юнака хоч і був щирим, але швидко скотився в невигадливі й нудні банальності. Півтори зірки!"
"THJA026RA","Raz","Bonita's just trying to lighten things up around here!","Боніта тут — єдиний промінь світла в темряві!"
"THJA028JA","Jasper","She should quit now, while she can still get a job as a night light.","Краще хай іде зараз. Встигне на вакансію ліхтарного стовпа."
"THJA029RA","Raz","If you hate the show so much, why don't you just leave?","Якщо ці вистави настільки нестерпні, то чому ви просто не підете?"
"THJA030JA","Jasper","I can't stop looking at it. It's like the sight of a horrible car accident.","Бо це настільки жахливо, що навіть цікаво. Ніби дивлюсь на автокатастрофу."
"THJA031JA","Jasper","A car accident where the victims can't act, and the paramedics forget their lines.","Автокатастрофу, в якій жертви не здатні грати, а парамедики забули свої фрази."
"THJA032RA","Raz","Alright, later, you old gas bag.","Бувай, старий пердуне."
"THJA033JA","Jasper","Listen, this play just stinks. Here. Try this one instead.","Слухай, та п'єса — просто відстій. Тримай. Спробуй краще цю."
"THJA034JA","Jasper","This play has some ACTION in it, some zing!","У ній там такі ПОДІЇ, такий запал!"
"THJA035RA","Raz","Wow, thanks. Are you actually being nice?","Йой, дякую. З чого така щедрість?"
"THJA036JA","Jasper","No! I'm just trying to keep myself halfway entertained!","Я сам собі роблю ласку, щоб не померти від нудьги!"
"THJA037JA","Jasper","Go! Give that to Becky and see if she can't find some actors to ruin it!","Шуруй! Віддай її Бекі, раптом вона все-таки зможе підібрати гідний кастинг!"
"THJA038JA","Jasper","Ha. Break a leg.","Ха. Ну, щасти."
"THJA008RA","Raz","Excuse me, Mr. Rolls, but do you have any more scripts?","Перепрошую, пане Роллс, у вас часом нема ще якихось сценаріїв?"
"THJA010RA","Raz","Not really. But I think that if I find a play that moves the props around in just the right way, I can use them to get up to the catwalks and fight the Phantom!","Не зовсім. Але, здається, якщо я знайду п'єсу, яка правильно пересуне декорації, я зможу піднятися по них на підмостки і побороти Примару!"
"THJA019RA","Raz","Hey, why do you have to be so hard on Bonita?","Чому ви так жорстокі з Бонітою?"
"THJA024RA","Raz","If you can't say something nice, don't say anything at all.","Якщо не можете сказати щось приємне, то краще вже помовчіть."
"THBF000SF","Pink-Flower","And where would Gloria be without her muse?","Але що б Ґлорія робила без її музи?"
"THBF001HF","Yellow-Actor","Her inner sunshine!","Її внутрішнього сяйва!"
"THBF002FF","Orange-Flower","The spirit of her youth!","Духу її молодості!"
"THBF003SF","Pink-Flower","Played tonight, once again, by...","У ролі, як і завжди, єдина й неповторна..."
"THBF004SF","Pink-Flower","Bonita Soleil!","Боніта Солей!"
"THBF007JA","Jasper","You'd better listen to me! You're no good! This play stinks! It's worse than ever before! Oh, I can't believe you call this theater!","Ану слухай сюди! Ти — ніхто! П'єса — відстій! Навіть гірше, ніж була! Як це звалище взагалі можна називати театром?!"
"THBF008JA","Jasper","I can't even see it from down here, but I know it's bad! Can you hear me?","Я хоч і не бачу звідси, але певен, що все жахливо! Чуєш мене?"
"THBF009JA","Jasper","Oh, you've got fat arms, you hear me? Big fat arms like a wrestler!","І руки у тебе товсті, зрозуміла? Товсті як у реслера!"
"THBF010JA","Jasper","And a little turkey gobble hanging from your neck!","І кадик у тебе, як в індика!"
"THBF011JA","Jasper","Oh, your knees are ugly, and you snort when you laugh!","О, і коліна в тебе почварні. І ти хрюкаєш, коли смієшся!"
"THBI000RA","Raz","Okay Phantom, it's time to find out who--","Ну що ж, Примаро, час дізнатися, хто ховається..."
"THBI001RA","Raz","...you… really are.","Під... маскою."
"THBI002RA","Raz","What?","Що?"
"THBI003RA","Raz","I totally guessed that!","Так і знав!"
"THBI004FF","Orange-Flower","Nuh-uh. You said it was Becky!","Нє-а. Ти казав, що це Бекі!"
"THBI005RA","Raz","Tssssst!","Тс-с-с-с!"
"THBI006RA","Raz","Okay, the jig is up, PHANTOM!","Все, ми тебе розкусили, ПРИМАРО!"
"THBI007JA","Jasper","What? Why, I never! How dare you accuse me of being the rugged and romantic scoundrel that has thrilled and terrified audiences for years!","Що? Та я б ніколи! Як ти смієш вішати на мене клеймо суворого та романтичного негідника, який тримав глядачів як на голках протягом років!"
"THBI008RA","Raz","Yeah, I guess you're right. He's so agile, and limber, and... thin. He could never be you.","Ну, хоча, ти правий. Він такий в'юнкий, і гнучкий, і... худий. Взагалі не схоже на тебе."
"THBI009JA","Jasper","Why you! Of course it's me!","Що ти сказав?! Звісно це я!"
"THBI010RA","Raz","Well it's time to hang up the cape, Tubs, because your days of terrorizing the theater as the Phantom are over.","Що ж, тоді нам час вийти на біс, череваню. Твої дні терору театру в ролі Примари злічені."
"THBI011JA","Jasper","Maybe as the Phantom, but he's nothing compared to the full, destructive force of an angry critic! Ha ha ha!","У ролі Примари може й так, але ніщо не зрівняється з фатально руйнівною силою сердитого критика! Ха-ха-ха!"
"THBI012RA","Raz","Hmm. How can I say this and still sound cool... sticks and stones may break my bones but words will never hurt me?","Гм-м. Як же сказати, щоб це прозвучало круто... Нехай переламаєш мені палицями кістки, але словами не задінеш?"
"THBI013JA","Jasper","Well then!","Ну, якщо так!"
"THBI014JA","Jasper","How 'bout these? Wahahahahaha!","Тоді спробую-но це! Вха-ха-ха-ха!"
"THFP000BE","Becky","Look alive, people! Bonita Soleil is about to take the stage!","Прокидайтесь, люди! Боніта Солей ось-ось вийде на сцену!"
"THFP001BE","Becky","Flower girls in position one. And... ACTION!","Квіткові дівчата на позиції один. І... ПОЧАЛИ!"
"THFP002SF","Pink-Flower","Tonight I will be playing the part of Gloria Von Gouton, the famous actress!","Сьогодні я гратиму відому актрису Ґлорію фон Ґутен!"
"THFP003HF","Yellow-Actor","In this nostalgic memory of her breakthrough role in the smash hit musical...","У пам'ять про те, як у її кар'єрі стався прорив після ролі в хітовому мюзиклі..."
"THFP004FF","Orange-Flower","""Sunshine Shenanigans!""","«Пустощі під променями»!"
"THFP005SF","Pink-Flower","Yay! Wooo!","Ура! Ву-у-у!"
"THFP008PT","Phantom","Heh heh heh.","Хе-хе-хе."
"THFP009SF","Pink-Flower","Oh, I do so hope that my mother is proud of me!","Сподіваюсь, мама мною пишатиметься!"
"THFP010BE","Becky","Not again!","Тільки не знову!"
"THFP011FF","Orange-Flower","The Phantom!","Примара!"
"THFP012JA","Jasper","I've seen some bad plays in my day, but this one's an actual menace. And it's all HER fault.","За своє життя я бачив багато поганих п'єс, але ця вже ні в які ворота не лізе. У всьому винна ВОНА."
"THFP013JA","Jasper","It's her bad acting that makes the Phantom strike!","Її жахлива гра спровокувала напад Примари!"
"THFP015BT","Bonita","Boo hoo hoo!","(плаче)"
"THFP016JA","Jasper","This time, I'm going to file a formal complaint and get this theater shut down! ","Мені вже час надіслати скаргу, щоб цей театр прикрили від гріха подалі!"
"THFP017BE","Becky","Great. Well, I'm off to go kill myself. ","Чудово. Ну, що ж, піду вб'юся."
"THFP018RA","Raz","You know, you could be a more constructive critic.","Як для критика, ви не дуже конструктивний."
"THFP019JA","Jasper","Kid, if you want to see a GOOD play, come talk to me. I've got a script here that will knock 'em dead, I promise.","Хлоп'яче, якщо хочеш дійсно ЯКІСНУ п'єсу, маякни мені. У мене тут є такий сценарій, який їм і не снився."
"THAA000BE","Becky","CUT! ","ЗАВІСА!"
"THAA001BE","Becky","Hey! Kid! Can't you see I'm trying to produce a play here?","Гей! Хлопчику, ти хіба не бачиш, що я тут намагаюся ставити п'єсу?"
"THAA002RA","Raz","Uh... no.","Е-е... ні."
"THAA003BE","Becky","Oh god!","О, Боже!"
"THAA004BE","Becky","Even a child can see I've lost control of this production! ","Навіть дитина бачить, що я втратила контроль над постановкою!"
"THAA005BE","Becky","Okay, Becky, get a grip...","Так, Бекі, візьми себе в руки..."
"THAA006RA","Raz","Child? ","Дитина?"
"THAA007BE","Becky","Look, kid, it wasn't always like this! We used to have a hit show on our hands! Everybody loved us!","Дивись, так було не завжди! Раніше в нас тут був хіт за хітом! Нас любили всі!"
"THAA008BE","Becky","But then our big star, Bonita Soleil, got stage fright and locked herself in her dressing room!","Але потім у нашої головної зірки, Боніти Солей, виник страх сцени й вона зачинилася в гримерці!"
"THAA009BE","Becky","So now we're stuck flipping between ""Sunshine Shenanigans"" and ""The Horror of Hagatha Home!""","Тому зараз нам тільки й лишається, що чергувати «Пустощі під променями» та «Агонії в домі Гаґати»!"
"THAA010JA","Jasper","Which is like flipping between a root canal and a sharp stick in the eye!","Це як вибирати між вириванням зуба та палицею в око!"
"THAA011BE","Becky","Just ignore Jasper. He's just a critic, who happens to be right.","Не зважай на Джаспера. Він просто критик, хоч і каже правду."
"THAA012RA","Raz","I'll go talk to Bonita. I'm sure all she needs is a little pep talk. ","Піду поговорю з Бонітою. Думаю, все, що їй треба, — це підбадьорливий діалог."
"THAA013JA","Jasper","That, and acting lessons.","А ще уроки акторської майстерності."
"THAA014BE","Becky","If you can get Bonita to take the stage again, then you're the star of my show, kid.","Якщо зможеш вивести Боніту на сцену, тоді головною зіркою будеш ти, юначе."
"THAD000BE","Becky","Hey, what's this? A new script?","Гей, що це? Нова п'єса?"
"THAD001BE","Becky","""Knight of Joy?""","«Лицар щастя»?"
"THAD002BE","Becky","Weird. It smells like popcorn. And it doesn't say which set to play it on...","Дивно. Пахне попкорном. І не написано, в яких декораціях її ставити..."
"THAD003BE","Becky","Oh well. We'll just play it on whatever's on stage. I mean, what could POSSIBLY go wrong?","Ну й нехай. Які на сцені є, в таких і зіграємо. ЩО може піти не так?"
"THAD004BE","Becky","Here. You can be my first A.D.","Ось. Будеш моїм першим асистентом."
"THAD005BE","Becky","Use the megaphone if you want to run the play again.","Використовуй гучномовець якщо хочеш прогнати п'єсу ще раз."
"THAD006BE","Becky","Okay! New script everybody! Let's practice!","Отже, новий сценарій, народе! Репетируємо!"
"THAD007BE","Becky","Aaaand action!","І-і-і-і... почали!"
"THAD008BE","Becky","Oh, another script!","О, ще один сценарій!"
"THAD009BE","Becky","""The Day the Mail Boat Finally Came.""","«День, коли прибув поштовий човен»."
"THAD010BE","Becky","Uh-oh.","Ой-йой."
"THAD011BE","Becky","Prop department? I'm going to need a boat on stage right away.","Реквізиторський відділ? Мені потрібен човен на сцену. Зараз."
"THAD012BE","Becky","Okay, people! Places everyone!","Добре, народе! Усі по місцях!"
"THAD013BE","Becky","""Goodbye Hagatha Home.""","«Прощавай, Гаґатів дім»."
"THAD014BE","Becky","Hey, I--I think this is the one with the--","Гей, н-наче тут якраз має бути..."
"THAD015BE","Becky","Hey, props. Is that hot air balloon still working?","Реквізиторська! Повітряна куля готова?"
"THAD016BE","Becky","Let's hustle people! It's show time!","Скоріше, люди! Шоу починається!"
"THAD017BE","Becky","That means you too, kid. You gotta hustle onto that balloon if you want to get up to the catwalks.","Тебе це теж стосується, хлопче. Тобі доведеться залізти в кошик, якщо хочеш дістатись підмостків."
"THAB000BE","Becky","I have GOT to get control over this production!","Треба брати постановку під КОНТРОЛЬ!"
"THAB001BE","Becky","If only Bonita would come out here and do her thing.","Якби ж тільки Боніта вийшла і показала всім, на що здатна."
"THAB002BE","Becky","Okay, Becky. Get a grip!","Ну ж бо, Бекі. Візьми себе в руки!"
"THAB003BE","Becky","A-hoo hoo hoo!","(плаче)"
"THAB004BE","Becky","I am NOT crying.","Та НЕ плачу я."
"THAB005BE","Becky","God. ","Боже."
"THAB006BE","Becky","Okay. Okay. Okay.","Добре, добре."
"THAB007RA","Raz","Everything under control there, Becky?","Усе під контролем, Бекі?"
"THAB008RA","Raz","Everything okay there Becky?","Усе гаразд там, Бекі?"
"THAB009BE","Becky","Ah! Why did you say that? What have you heard?","А-а! А тобі-то що? Що ти вже почув?"
"THAB010BE","Becky","EVERYTHING'S FINE except that our production has no star!","УСЕ ДОБРЕ, окрім того, що наше шоу втратило головну зірку!"
"THAB011BE","Becky","You get Bonita Soleil to perform again, and everything will be GREAT.","От переконаєш Боніту Солей виступити, і тоді все буде просто ШИК."
"THAB012BE","Becky","Her dressing room is behind the stage to the right, at the end of the hall.","Її гримерна праворуч за сценою, в кінці коридору."
"THAB013RA","Raz","Hey, you said that if Bonita performed, everything would be okay.","Гей, ви сказали, що все налагодиться, коли виступить Боніта."
"THAB014BE","Becky","Okay, so I left out the part about the deadly Phantom. I thought you'd chicken out!","Ну, я опустила подробиці про смертоносного Примару. Думала, що ти злякаєшся!"
"THAB015RA","Raz","Ma'am. I'm a Psychonaut. Just show me how to get up to those catwalks he hides out in and--","Пані, я — психонавт. Покажіть мені, як дістатися підмостків, де він засів, і я його..."
"THAB016BE","Becky","Sorry. No way up there.","Пробач. Туди ніяк."
"THAB017BE","Becky","Well, there was this ONE play...","Хоча, є ОДНА п'єса..."
"THAB018BE","Becky","We would lower this prop hot air balloon down from the catwalks, and then pull it back up again...","В якій ми опускаємо повітряну кулю з підмостків, а потім підіймаємо її назад..."
"THAB019BE","Becky","But I think one of the actors lost the script somewhere.","Але хтось з акторів загубив сценарій."
"THAB020BE","Becky","If you find it--or any other play for crying out loud--just bring it to me and I'll run the actors through it.","Якщо знайдеш її, або вже БОДАЙ ЯКИЙСЬ сценарій, неси його сюди, ми проженемо його з акторами."
"THAB021BE","Becky","We're so desperate for new material around here!","Ми вже готові погодитись на будь-який матеріал!"
"THAB022RA","Raz","So how do I get up to the catwalks? ","Як там мені піднятися на підмостки?"
"THAB023BE","Becky","Bring me all the scripts you find, and maybe one of them will bring that hot air balloon down.","Неси мені всі сценарії, які знайдеш. Може в одному з них опуститься повітряна куля."
"THAB024BE","Becky","...if you play it on the right set.","Якщо поставиш її в правильних декораціях..."
"THAB025RA","Raz","Those catwalks sucked. Why did I ever want to go up there?","Не сподобалось мені на підмостках. Нащо я взагалі хотів на них?"
"THAB026BE","Becky","To fight the Phantom and save the theater?","Щоб побороти Примару й урятувати театр?"
"THAB027RA","Raz","Oh yeah!","А, точно!"
"THAE000RA","Raz","Becky, can we see the ""Knight of Joy"" again?","Бекі, можемо знову продивитись «Лицаря щастя»?"
"THAE001BE","Becky","Yeah, that one could use a little work.","Та, над цим ще треба попрацювати."
"THAE002RA","Raz","""The Day the Mail Boat Finally Came"" needs another run-through, I think.","Думаю, «День, коли прибув поштовий човен» треба прогнати ще раз."
"THAE003RA","Raz","Let's do ""Goodbye Hagatha Home"" once more, okay?","Поставимо «Прощавай, Гаґатів дім» ще разок, добре?"
"THAE004RA","Raz","Doing a great job, Becky!","Добре справляєтесь, Бекі!"
"THAE005BE","Becky","Aw!","Ах!"
"THAF000BE","Becky","Hey, whoa, whoa, whoa, whoa, CAREFUL!","Гей, ой-ой-ой-йой, ОБЕРЕЖНІШЕ!"
"THAF001BE","Becky","That's the manual mood override. That's how we set the right mood for the play. ","Це ручний перемикач настрою. З ним ми задаємо правильну атмосферу п'єсам."
"THAF002BE","Becky","Mess with that, we'll have happy plays on sad sets, sad plays on happy sets…","Якщо щось поплутаєш, у нас будуть веселі п'єси в сумних декораціях і навпаки..."
"THAF003BE","Becky","Total chaos. Or worse--IMPROV.","Повний хаос. Або ще гірше — ІМПРОВІЗАЦІЯ."
"THAF004BE","Becky","So whatever you do...","Тому що б ти не робив..."
"THAF005BE","Becky","Don't mess with the manual mood override unless you want to see some strange stuff happen!","Не грайся з перемикачем настрою. Хіба що ти навмисно хочеш побачити всяку дивину!"
"THAG000SF","Pink-Flower","Oh, who would have thought that I, Gloria Von Gouton, would be starring in my own Broadway musical at such a young age?","Ох, хто б міг подумати, що я, Ґлорія фон Ґутен, буду виступати на Бродвеї у власному ж мюзиклі в такому юному віці?"
"THAG001SF","Pink-Flower","I hope my mother is proud of me. Well, here it goes!","Сподіваюся, мама мною пишається. Що ж, починаємо!"
"THAH000SF","Pink-Flower","Oh, my dear Mother! Do you not love my new seaside mansion, bought with a fraction of the wealth my overnight success has given to me?","О, люба моя мамо! Чи припав до душі тобі мій приморський маєток, який я придбала лиш за крихту багатства від раптового успіху?"
"THAH001FF","Orange-Flower","Yes, Gloria, my daughter. I only live to make you happy.","Так, Ґлорія, донько моя. Я живу лише ради твого щастя."
"THAH002SF","Pink-Flower","We are so lucky to be together again so that I could share it all with you, and also that you are not even jealous of my youth and fame, though my star has risen so much faster and grown so much bigger than that of yours, which has so quickly faded!","Добре, що ми знову разом, і я можу поділитися цим із тобою. І ти навіть не заздриш моєму успіху, не зважаючи на те, що моя зірка зійшла набагато раніше й запалала яскравіше, на відміну від твоєї, яка швидко згасла!"
"THAH003FF","Orange-Flower","Yes.  ","Так."
"THAH004SF","Pink-Flower","I love sharing my wealth and fame with you dear mother.","Люблю ділитися багатством й славою з тобою, люба матінко."
"THAH005FF","Orange-Flower","Yes. And I am so glad that you remember that you owe it all to me.","Так. І я рада, що ти пам'ятаєш, що всім цим ти завдячуєш мені."
"THAI000SF","Pink-Flower","Goodbye my previously dear mother! I flee now to Europe to escape your insane jealousy over my amazing career.","Прощавай, моя колись люба мати! Я тікаю в Європу від твоєї божевільної ревності моїй дивовижній кар'єрі."
"THAI001FF","Orange-Flower","Please do not leave me, Gloria my daughter! Go now and I shall do something unto myself both drastic and traumatizing to you emotionally!","Прошу, не полишай мене, Ґлоріє, донечко! Якщо підеш, я зроблю із собою таке, що непоправно травмує тебе емоційно!"
"THAI002SF","Pink-Flower","Care, I do not, for you sicken me with disgust. Adieu, ma mère. Adieu.","Байдуже мені, вір чи ні. Я тобою сита по горло. Adieu, ma mere. Adieu."
"THAI003FF","Orange-Flower","Daughter please do not run off to Europe to escape my jealous wrath, or I will surely kill unto myself to the death.","Донько, будь ласка, не тікай в Європу від мого ревнивого гніву, а інакше я точно вкорочу собі віку."
"THAI004SF","Pink-Flower","Break a leg, mother!","Роби що хочеш, мамо!"
"THAJ000HT","Hound-Actor","Bwah-ha-ha! Welcome to Hagatha Home School for Girls, where you will begin your long and painful training in the theatrical disciplines. Bwah-ha-ha.","Муа-ха-ха! Ласкаво просимо до домашньої школи для дівчат Гаґати, де розпочнеться твоє довге й болюче навчання театральних дисциплін. Муа-ха-ха!"
"THAJ001ST","Small-Thistle","But I don't want to study theater! I want my mom to come take me home right now!","Але ж я не хочу вчитися театру! Хочу, щоб мама прийшла та забрала мене звідси!"
"THAJ002FT","Big-Thistle","Your mom has a career and a boyfriend to think about. She doesn't have time for an ugly little girl like you.","У твоєї мамці голова забита кар'єрою та кавалером. На таке потворне дівчисько, як ти, в неї нема часу."
"THAJ004HT","Hound-Actor","There is nothing more tedious than the tears of an unlovable child.","Нема нічого нуднішого за сльози нелюбої дитини."
"THAJ005FT","Big-Thistle","It's time to suffer for your art!","Час страждати ради мистецтва!"
"THAJ006ST","Small-Thistle","Oh when will my mother come and rescue me from the cruel training of Hagatha Home?","Ох, коли ж мама прийде та врятує мене від жорсткого навчання дома Гаґати?"
"THAJ007HT","Hound-Actor","Bwah ha ha!","Муа-ха-ха!"
"THAJ008FT","Big-Thistle","Never!","Ніколи!"
"THAK000ST","Small-Thistle","Wherefore art thou, O elusive mail boat? How I yearn for the shores of my loneliness to be creased by your sturdy keel!","Де ж ти є, невловний поштовий човне? Хай винесе твій міцний кіль на береги моєї самотності!"
"THAK001FT","Big-Thistle","The mail boat ain't comin' for you, girly!","Поштового човна тобі не побачити, дівко!"
"THAK002HT","Hound-Actor","The mail boat may never come, but I think I see the mail TRAIN approacheth through yon tunnel!","Човен може й не прийде, але бачиться мені, несеться поштовий ПОТЯГ крізь тунель!"
"THAK003ST","Small-Thistle","Mail train? Yay! Surely, it bears to me a letter from my dear mother who abandoned me at this school for girls so long ago!","Поштовий потяг? Ура! Певна, він несе звістку від моєї матері, що так давно покинула мене в школі для дівчат!"
"THAK004ST","Small-Thistle","A dragon? Ahhhh!","Дракон? А-а-а-а!"
"THAK005HT","Hound-Actor","Ha ha ha! 'Tis a dragon indeed. You have been fooled and burned.","Ха-ха-ха! Він самий. Тебе обдурили й спалили."
"THAK006FT","Big-Thistle","Outstanding!","Дивовижно!"
"THAK007ST","Small-Thistle","Oh, mail boat, mail boat, come and make my heart float!",""
"THAK008FT","Big-Thistle","Won't someone kill this bleating goat?",""
"THAK009HT","Hound-Actor","Let's throw this sad sack in the moat!",""
"THAK010HT","Hound-Actor","HA HA HA!","ХА-ХА-ХА!"
"THAL000FT","Big-Thistle","Pray tell me, my shady manager and rumored lover, must I truly ship my only daughter Gloria off to Hagatha Home School for Girls?","Скажи мені на милість, мій сумнівний менеджере і, за чутками, коханець, чи варто мені відправляти мою єдину доньку Ґлорію в школу для дівчат Гаґати?"
"THAL001HT","Hound-Actor","Yes, and immediately, before she ruins our career. I mean your career.","Так, і негайно, поки вона не зруйнувала нашу кар'єру. Тобто, твою кар'єру."
"THAL002ST","Small-Thistle","No! Never shall I go!","Ні! Я нікуди не піду!"
"THAL003FT","Big-Thistle","Worry not, baby daughter, for I every day shall write to you.","Вгамуй своє серце, донечко. Я писатиму тобі щодня."
"THAL004HT","Hound-Actor","Yes. And I shall mail the letters myself. Personally. Bwah ha!","Саме так. А я ці листи відправлятиму. Особисто. Пха-ха!"
"THAL005ST","Small-Thistle","Good bye!","Я в дорогу!"
"THAL006FT","Big-Thistle","Good journey!","Щасливої дороги!"
"THAL007HT","Hound-Actor","Good riddance!","Полотном дорога!"
"THAM000SF","Pink-Flower","Mother, Mother, tell me true of the dad I never knew.","Мамо, мамо, розкажи мені про тата, якого ніколи я не знала."
"THAM001FF","Orange-Flower","He was brave in thought and deed. Can't you hear his mighty steed?","Являв собою хороброго бійця. Хіба не чуєш стукіт копит його коня?"
"THAM002SF","Pink-Flower","Wooooow.","Йо-о-о-ой."
"THAN002FT","Big-Thistle","Yeah, just ride on by Sir Deadbeat Dad. Don't hang around to help raise your poor daughter.","Та, скачи повз, сер Батько-босяк. Не зупиняйся, щоб виростити свою донечку."
"THAN003ST","Small-Thistle","Jerk.","Козел."
"THAO000SF","Pink-Flower","Daddy?","Тату?"
"THAP000ST","Small-Thistle","My father has nobly smoten the beast to his own death! He is a hero!","Мій батько благородно віддав своє життя в бою зі звіром! Він — герой!"
"THAP001FT","Big-Thistle","Yay, and for the record, not a bad kisser.","Ага. До речі, цілувався він теж непогано."
"THAQ000SF","Pink-Flower","It was more exciting the first time.",""
"THAQ001FF","Orange-Flower","It always is, honey.",""
"THAR000SF","Pink-Flower","Gasp!","(зойкає)"
"THAR001FF","Orange-Flower","Yes, though you would never think, the thing that killed him was the drink.","Думала, що героїчно бився, а на ділі просто спився."
"THAS000SF","Pink-Flower","Ah-ha ha ha ha ha ha ha ha!","Аха-ха-ха-ха-ха-ха-ха-ха!"
"THAS001FF","Orange-Flower","Ah-ha ha ha ha ha ha ha ha!","Аха-ха-ха-ха-ха-ха-ха-ха!"
"THAS002SF","Pink-Flower","Idiot.","Ідіот."
"THAT000SF","Pink-Flower","I say, I believe I do see the mail boat approaching!","Бачиться мені, наближається поштовий човен!"
"THAT001SF","Pink-Flower","I SAID, I BELIEVE I DO see the MAIL BOAT APPROACHING!","КАЖУ, БАЧИТЬСЯ МЕНІ, наближається ПОШТОВИЙ ЧОВЕН!"
"THAT002SF","Pink-Flower","Uh, I wonder what is taking the mail boat so long to get here, after I clearly declared that I have seen it approaching?","Е-е, де ж цей поштовий човен так затримався? Я ж чітко сказала, що бачу, як він наближається."
"THAT003HF","Yellow-Actor","We can't find the wheels for the boat!","Ми не можемо знайти колеса для човна!"
"THAT004FF","Orange-Flower","We're SUPPOSED to have water for the boat to float on.","Нам потрібна ВОДА, а не колеса."
"THAT005SF","Pink-Flower","I swear I can't work like this. ","Я більше не можу так працювати."
"THAT006FF","Orange-Flower","Seriously. I'm calling my agent.","І не кажи. Зателефоную своєму агенту."
"THAU002ST","Small-Thistle","Hm, I wonder if the captain of the boat wants to get beat up, and maybe that's why he's taking so long to bring it on stage?","Гм, схоже, капітану човна давно не набивали пику. Інакше я не можу пояснити, чому він досі не на сцені."
"THAU003HT","Hound-Actor","Somebody come help me drag this thing!","Допоможіть хтось перетягнути його сюди!"
"THAU004FT","Big-Thistle","Drag?? No way.","Тягнути?? Ні за що."
"THAU005ST","Small-Thistle","Oh look. The mail boat sank and everybody died. The end!","Коротше, поштовий човен затонув і всі здохли. Кінець!"
"THAV000SF","Pink-Flower","Ah, 'twas never a vessel more beautiful and resplendified.","Ах, мої вічі ще ніколи не вздрівали більш ладного судна."
"THAV001HF","Yellow-Actor","Are you Miss Gloria Von Gouton?","Ви — міс Ґлорія фон Ґутен?"
"THAV002SF","Pink-Flower","Yes!","Так!"
"THAV003HF","Yellow-Actor","Well, then these bags and bags of lavender-scented fan mail must be for your beautiful self!","Тоді ці гори сумок з листами від шанувальників, просочені ароматом лаванди, адресовані саме вам!"
"THAV004SF","Pink-Flower","Yay!","Ура!"
"THAW001HT","Hound-Actor","Sorry, no mail for you, ugly girl.","Обломися, нема для тебе листів, страшило."
"THAW002ST","Small-Thistle","Waaaa!","А-а-а-а!"
"THAW003FT","Big-Thistle","Ha ha! In your face, fatty.","Ха-ха! Як він тебе, товстухо."
"THAX000HF","Yellow-Actor","I'll just step off onto the shore here and say my next line...","Зараз зійду на берег і скажу свою наступну фразу..."
"THAX001HF","Yellow-Actor","Waah!","А-а-ах!"
"THAX002FF","Orange-Flower","You okay down there?","Ти в порядку там?"
"THAY000HT","Hound-Actor","Okay, let me just step onto the shore that I'm sure must be here by now...","Що ж, зараз я зійду на берег, який тут точно є..."
"THAY002FT","Big-Thistle","Way to blow you lines, moron.","Так запороти сцену треба ще вміти. Ідіот."
"THAZ000SF","Pink-Flower","Sigh, when will my mother ever come take me home from this horrible school for girls?","(зітхає) Коли ж моя мати забере мене додому з цієї жахливої школи для дівчат?"
"THAZ001FF","Orange-Flower","Do not worry, for I believe I see them floating here now in a magical balloon.","Не хвилюйся. Якщо очі мене не обманюють, вони летять на магічній повітряній кулі."
"THAZ002HF","Yellow-Actor","Hey! Pssst!","Гей! Пс-с-с!"
"THAZ003FF","Orange-Flower","What?","Що?"
"THAZ004HF","Yellow-Actor","There's no magic cloud in this set.","Магічної хмари нема в цих декораціях."
"THAZ005FF","Orange-Flower","Rats. Well, let's just run around happily and maybe no one will notice.","От щурня. Ну, тоді просто жваво побігаємо, може ніхто й не помітить."
"THAZ006HF","Yellow-Actor","There's no magic cloud on this one either.","Тут магічної хмари теж нема."
"THAZ007FF","Orange-Flower","Man!","Та щоб його!"
"THAZ008SF","Pink-Flower","How embarrassing.","Який сором."
"THAZ009SF","Pink-Flower","Sigh, when will my mother--","(зітхає) Коли ж моя мати..."
"THAZ010HF","Yellow-Actor","Guys, don't bother. No magic cloud.","Народе, забийте. Нема тут магічної хмари."
"THAZ011FF","Orange-Flower","This play is a mess. I think Becky's lost it.","Безлад, а не п'єса. Бекі вже не витягує."
"THAZ012SF","Pink-Flower","You know, it's the fans who really suffer when this happens.","А страждають від цього перш за все фанати."
"THAZ013FF","Orange-Flower","Hey, you got a Magic Cloud ready up there?","Гей, у вас там є магічна хмара?"
"THAZ014HF","Yellow-Actor","Uh... don't see one.","Е-е... щось не бачу."
"THAZ015FF","Orange-Flower","Oh man. Well keep dancing, keep dancing!","Чорт забирай. Ну нічого, танцюймо, танцюймо!"
"THBA000ST","Small-Thistle","Oh, sigh.","Ох. (зітхає)"
"THBA001FT","Big-Thistle","Whatever is wrong, little girl?","Що вже не так, дівчинко?"
"THBA002ST","Small-Thistle","Well, my family has left me alone in a bad, bad place for many years, and I don't know if they will ever come back for me.","Ну, моя сім'я лишила мене в жахливому місці на багато років, і я не знаю, чи повернуться вони колись за мною."
"THBA003FT","Big-Thistle","Ah, don't worry. I'm sure they'll come for you and you'll never have to think of that bad place again, ever.","А, не парся. Певен, вони скоро прийдуть за тобою й ти зможеш забути про те місце, як про страшний сон."
"THBA004ST","Small-Thistle","Hey, you're right! I think I see them now!","Гей, а ти правий! Здається, я їх бачу!"
"THBA007HT","Hound-Actor","Hello, my dear beloved daughter. We have come back for you. Please come with us and be happy and never think of this terrible, terrible place again!","Вітаю, моя люба донечко. Ми повернулися за тобою. Будь ласка, іди з нами та більше ніколи не згадуй про це кошмарне та нестямне місце!"
"THBA008HT","Hound-Actor","THE END.","КІНЕЦЬ."
"THBC000FT","Big-Thistle","Hey, cue the magical balloon, moron!","Гей, опускай чарівну кульку, довбню!"
"THBC001HT","Hound-Actor","Hey, there's no magical balloon on this set, but that won't stop me from jumping down there and kicking your ass so watch it!","Гей, нема в цих декораціях магічної кулі. Але я все одно можу зістрибнути вниз і надерти тобі дупу. Дивись мені!"
"THBC002FT","Big-Thistle","Grrr.","Гр-р-р."
"THBC004FT","Big-Thistle","Hold on, girly...","Завжди, дівко..."
"THBC005FT","Big-Thistle","Hey, you got the magical cloud ready up there, loser?","Гей, приготував там магічну хмару, невдахо?"
"THBC006HT","Hound-Actor","There's no magic cloud on this set, you old bag.","Нема в цих декораціях магічної хмари, старухо."
"THBC007FT","Big-Thistle","Oooh!","О-о-ох!"
"THBG000FF","Orange-Flower","Ha ha!","Ха-ха!"
"THBG003SF","Pink-Flower","I never get tired of doing the maypole!",""
"THBG004SF","Pink-Flower","The maypole sure does make me happy.",""
"THBG005HF","Yellow-Actor","Hey, who's happy?",""
"THBG006SF","Pink-Flower","ME!",""
"THBG007FF","Orange-Flower","MEEE!",""
"THBG008SF","Pink-Flower","We're so lucky!",""
"THBG009HF","Yellow-Actor","I love May!",""
"THBG010FF","Orange-Flower","I love poles!",""
"THBG011FF","Orange-Flower","Man, I am going to puke if I have to go around this stupid thing one more time.",""
"THBG012SF","Pink-Flower","I hear that! And it's wrapped already! Why are we still walking?",""
"THBG013HF","Yellow-Actor","Shhh! Happy!",""
"THBG014FF","Orange-Flower","Yeah, yeah.",""
"THBG015SF","Pink-Flower","Sigh. So lovely.",""
"THBG016FF","Orange-Flower","Yes.",""
"THBG017SF","Pink-Flower","I'm so lucky.",""
"THBG018SF","Pink-Flower","My house is sooo beautiful mother.",""
"THBG019SF","Pink-Flower","Isn't it?",""
"THBG020SF","Pink-Flower","And you're not jealous, right?",""
"THBG021SF","Pink-Flower","Because I am so famous?",""
"THBG022SF","Pink-Flower","And you're not so much?",""
"THBG023SF","Pink-Flower","I mean, you used to be.",""
"THBG024SF","Pink-Flower","Until I came along of course.",""
"THBG025SF","Pink-Flower","You're the best mother ever. ",""
"THBG026FF","Orange-Flower","Drastic, I tell you!",""
"THBG027FF","Orange-Flower","It's going to be horrible.",""
"THBG028FF","Orange-Flower","This thing I'm going to do.",""
"THBG029FF","Orange-Flower","To myself. And you.",""
"THBG030FF","Orange-Flower","I'm not kidding!",""
"THBG031FF","Orange-Flower","You think I am kidding, but I am not.",""
"THBG032FF","Orange-Flower","Soon you will be the sorry one!",""
"THBG033FF","Orange-Flower","Sorry you ran off to Paris.",""
"THBG034FF","Orange-Flower","This will hurt you more than it will hurt me. ",""
"THBG035FF","Orange-Flower","And it's going to hurt me a lot.",""
"THBG036FF","Orange-Flower","Unless I land on my head of course. Then I might not feel anything.",""
"THBG037FF","Orange-Flower","Okay, you're running out of time to come back, selfish daughter.",""
"THBG038FF","Orange-Flower","You don't have forever!",""
"THBG039FF","Orange-Flower","I'll do it this terrible thing!",""
"THBG040FF","Orange-Flower","I promise!",""
"THBG041FF","Orange-Flower","Like, any second now.",""
"THBH003FT","Big-Thistle","Ho ho!",""
"THBH006ST","Small-Thistle","Boo hoo!",""
"THBH007ST","Small-Thistle","I want to go home!",""
"THBH008ST","Small-Thistle","I hate it here.",""
"THBH009FT","Big-Thistle","Well, here hates you too!",""
"THBH010ST","Small-Thistle","Hagatha home is horrible!",""
"THBH011ST","Small-Thistle","Woe is me!",""
"THBH012ST","Small-Thistle","I miss my mother!",""
"THBH013ST","Small-Thistle","Oh... lament.",""
"THBH014ST","Small-Thistle","Woe enrobes my soul.",""
"THBH015ST","Small-Thistle","My spirit is ensconced in sorrow.",""
"THBH016ST","Small-Thistle","I think I see a sail! Oh, wait... that's a shark fin.",""
"THBH017ST","Small-Thistle","Sigh.",""
"THBH018ST","Small-Thistle","Why won't she write me? My mother I mean?",""
"THBH019ST","Small-Thistle","Her shady and disreputable agent said he'd deliver the letters personally.",""
"THBH020ST","Small-Thistle","I'm sure he wants her to get letters from her own child. Even though having that child out of wedlock caused a scandal that almost ruined her career and robbed him of his meal ticket!",""
"THBH021ST","Small-Thistle","Siiiiiigh.",""
"THBH022ST","Small-Thistle","Man, that mail train trick was mean.",""
"THBH023ST","Small-Thistle","Oh, COME ON boat!",""
"THBH024FT","Big-Thistle","Oh, my baby's gone.",""
"THBH025HT","Hound-Actor","Ha ha! I mean, yes. We will miss her.",""
"THBH026FT","Big-Thistle","My baby.",""
"THBH027HT","Hound-Actor","Yes.  Bwah ha ha!",""
"THBH028FT","Big-Thistle","Oh, poor baby Gloria!",""
"THBH029HT","Hound-Actor","Yes.  (snicker.)",""
"THBH030FT","Big-Thistle","Whenever will I see her again?",""
"THBH031HT","Hound-Actor","NEVER! HA HA!  I mean, soon.",""
"THBH032FT","Big-Thistle","Oh my poor, poor daughter.",""
"THBH033HT","Hound-Actor","(Snicker, snicker!)",""
"THBK000HT","Hound-Actor","Yon Dragon is a mystical force of the theater. Only the theater itself can affect it!",""
"THBK001FT","Big-Thistle","Duh.",""
"THBL000RA","Raz","Hey, there's the hot air balloon I need to get to the catwalks. ","Гей, ось і повітряна куля, яка допоможе піднятися мені на підмостки."
"THBL001RA","Raz","Now if I could just get them to do a play that brings it down here, I could ride it up to the catwalks and take care of that Phantom!","Якщо я поставлю п'єсу, в якій вона за сценарієм опускається, я зможу застрибнути в неї, дістатися підмостків та подбати про Примару!"
"THBN000PT","Phantom","Heh heh heh...","Хе-хе-хе..."
"THBN002PT","Phantom","You are not welcome here!","Тобі тут не раді!"
"THBN003PT","Phantom","This is my sanctuary!","Це моє лігво!"
"THBN004PT","Phantom","Come no closer, or it will be the last thing you do!","Не підходь! Інакше це буде останнє, що ти зробиш!"
"THBN005PT","Phantom","I am... the Phantom!","Я є... Примара!"
"THBN006PT","Phantom","Bwah ha ha ha!","Муа-ха-ха-ха!"
"THBN007PT","Phantom","Ha ha ha!","Ха-ха-ха!"
"THBN008PT","Phantom","I see you down there!","Я тебе бачу-у-у!"
"THBN009PT","Phantom","Look out below!","Дивись під ноги!"
"THBN010PT","Phantom","Watch your step!","Слідкуй куди йдеш!"
"THBN011PT","Phantom","Break a leg!","Хтось зламає ногу!"
"THBN012PT","Phantom","Ha, just like Gloria's mother!","Ха, прям як мамця Ґлорії!"
"THBN013PT","Phantom","In theater, it's a long way to the bottom.","Театральні падіння зазвичай довгі."
"THBN014PT","Phantom","I warned you!","Я тебе попереджав!"
"THBO000PT","Phantom","How dare you violate the sanctuary of...","Як ти посмів пробратися в лігво..."
"THBO001PT","Phantom","THE PHANTOM!","ПРИМАРИ!"
"THBO002PT","Phantom","Stop, or your next step will be your last!","Стій, інакше твій наступний крок стане останнім!"
"THBO004PT","Phantom","Did you think the Phantom was lying?","Ти думав, що Примара бреше?"
"THBO005PT","Phantom","The Phantom is not messing around!","Примара тут не в ігри грає!"
"THBP000PT","Phantom","Ahhhhhh! Cruel sunlight!","А-а-а-а-а! Безжальне сонячне світло!"
"THBP001PT","Phantom","Anything but that!","Тільки не воно!"
"THBP002PT","Phantom","Treacherous child, you shall pay for angering... The Phan--","Віроломне дитя, ти ще заплатиш за непокоєння... Прима..."
"THBP003RA","Raz","Yeah, yeah. Whatever. Now just stay put so I can come punch and unmask you.","Та, та. Звісно. Тепер стій на місці, щоб я тобі вмазав і зняв маску."
"THBQ000RA","Raz","Hey!","Гей!"
"THBQ001RA","Raz","Guess she really doesn't want to see anyone right now.","Схоже, вона і правда не хоче нікого бачити."
"THBR000JA","Jasper","HA HA HA!","ХА-ХА-ХА!"
"THBR001JA","Jasper","HO HO HO!","ХО-ХО-ХО!"
"THBR002JA","Jasper","HEH HEH HEH!","ХЕ-ХЕ-ХЕ!"
"THBR003JA","Jasper","Your fighting is weak, uninspired, and flat as a pancake.","Боротьбу ти демонструєш слабку, ненатхненну і пласку мов млинець."
"THBR004JA","Jasper","Your moves are derivative and mechanical.","Постановка рухів виглядає вторинно та незграбно."
"THBR005JA","Jasper","Oh, your technique is bland, yet irritating.","Техніка вельми прісна й швидко встигає набриднути."
"THBR006JA","Jasper","Ho ho, sad!","Хо-хо, як сумно!"
"THBR007JA","Jasper","Tedious!","Нудно!"
"THBR008JA","Jasper","Not good enough!","Недостатньо добре!"
"THBR009JA","Jasper","A terrible fighter, not up to the task at hand!","Боєць просто ніякий, не відповідає рівню суперника!"
"THBR010JA","Jasper","Just plain bad!","Погано! Просто погано!"
"THBR011JA","Jasper","The crowd would have been disgusted, had they managed to stay awake!","Глядачі б жахнулися від побаченого, якби не заснули напівдороги!"
"THBR012JA","Jasper","Ahhhh! That light!","А-а-а-а! Це світло!"
"THBR013JA","Jasper","Gahhh!","А-а-ах!"
"THBR014JA","Jasper","Horrible, hot beam of ocular agony!","Роз'їдає мої очі промінь грізний, гарячий!"
"THBR015JA","Jasper","It's like my retinas are being fried in a pan!","Ніби сітківку кинули на сковорідку!"
"THBR016JA","Jasper","Why didn't I bring my sunglasses?","Треба було брати протисонцеві окуляри!"
"THBR017JA","Jasper","Ha! Not so fast!","Ха! Не так швидко!"
"THBR018JA","Jasper","You'll pay for that one, brat!","Ти за це заплатиш, паскудо!"
"THBR019JA","Jasper","Ow!","Ой!"
"THBR020JA","Jasper","You'll pay for that one, SPOTLIGHT!","Ти за це заплатиш, ПРОЖЕКТОРЕ!"
"THBR021JA","Jasper","Take that, wretched regurgitator of the sun!","Ось тобі, жалюгідна подоба на сонце!"
"THBR023JA","Jasper","Oh, another spotlight! I thought I got 'em all!","О, ще один прожектор! Я думав, що вже з усіма покінчив!"
"THBR024JA","Jasper","I'll give you what I gave your brother over there. Huh? How do you like that!?","Тебе чекає участь твого брата. Ха! Ну як тобі?!"
"THBR025JA","Jasper","Ahhhh! Oohhhh! (cough)","А-а-а-ах! О-о-ох-х! (кашляє)"
"THBR026JA","Jasper","What's the matter? Can't you take a little criticism?","Коли ж ти вгамуєшся? Невже так важко сприймати критику у свій бік?"
"THBR027JA","Jasper","Ooohhh ooohohohohhhh...","О-о-ох о-о-охо-о-ох-х..."
"THBS000BE","Becky","Hey, no time for shenanigans!","Гей, в нас нема часу на пустощі!"
"THBS001BE","Becky","Thanks, thanks. You're right. I should get a grip.","Дякую, дякую. Маєш рацію. Треба взяти себе в руки."
"THBS002BE","Becky","Yes, thanks.","Так, дякую."
"THBS003BE","Becky","Alright already! I'm calm! One more hit and you're a dead man!","Та добре, добре! Заспокоїлась я! Ще раз удариш і тобі кінець!"
"THBS004BE","Becky","Hey, I only let my Chiropractor do this. Do you have a license? ","Гей, тільки моєму хіропрактику таке можна. У тебе є ліцензія?"
"THBS005BE","Becky","Put me down!","Відпусти мене!"
"THBS006BE","Becky","Wait, why am I stressed out? I forget.","Заждіть, а чому я переживаю? Забула."
"THBS007BE","Becky","Huh.","Га."
"THBS008BE","Becky","Oh, must have been nothing.","Гадаю, то були якісь дрібниці."
"THBS009BE","Becky","Guess I can just relax and--","Краще розслаблюсь і..."
"THBS010BE","Becky","Oh my god. How long was I out? What did I miss? ","О Боже. Як довго я була у відключці? Що я пропустила?"
"THBS011BE","Becky","Oh, what a disaster!","Ох, це катастрофа!"
"THBS012BE","Becky","Hot flash! Hot flash! Must be another panic attack!","В жар кидає! Жар! Напевно чергова панічна атака!"
"THBS013BE","Becky","Keep cool Becky, keep cool. ","Охолонь, Бекі, охолонь."
"THBS014BE","Becky","Ahhhh...","А-а-а-ах..."
"THBS015BE","Becky","Hey, why don't you go make yourself useful and put that candle in one of the spotlights up there!","Може займешся чимось корисним і поставиш свічку в отой прожектор зверху?!"
"THBT000BT","Bonita","Hey, watch it or I'll call security!","Дивися мені, зараз охорону викличу!"
"THBT001BT","Bonita","My spirits are so low, they cannot be lifted. How sad is that?",""
"THBT002BT","Bonita","Huh? Where am I? What is that terrible crying noise?","Га? Де я? Що це за гидкий звук плачу?"
"THBT003BT","Bonita","Thanks kid, but the problem isn't that my fire has gone out.","Дякую, малий, але моя проблема в іншому. Я не вигоріла."
"THBT004BT","Bonita","The problem is I AM Gloria's fire, and I REFUSE to go out. On stage, that is.","Проблема в тому, що я і Є запал Ґлорії, і я ВІДМОВЛЯЮСЯ вигорати. І виходити на сцену теж."
"THBT005BT","Bonita","Ah ha! You found a candle! Excellent!",""
"THBT006BT","Bonita","Now go put that in one of the spotlights above the stage, and we might have a show on our hands.",""
"THBT007RA","Raz","Becky, can you hear me?","Бекі, ви мене чуєте?"
"THBT008BT","Bonita","Ahhhh! That's so loud.",""
"THBT009RA","Raz","Must be out of range.","Схоже, я задалеко."
"THBT010BT","Bonita","What? I can't hear anything now.",""
"THBU000JA","Jasper","Ha! Hahaha! Reinforced balcony! A must for any critic!","Ха! Ха-ха-ха! Укріплений балкон! Незамінна річ для будь-якого критика!"
"THBU001RA","Raz","Any fat critic.","Точніше, для товстого."
"THBU002JA","Jasper","Gosh! This play is fantastic!",""
"THBU003JA","Jasper","The sets, the acting, the songs, all top notch!",""
"THBU004JA","Jasper","All other theaters should be burned, all other actors shot, all other playwrights should have their fingers chopped off, for there is no need for any other theater, other than this fine play.",""
"THBU005JA","Jasper","Oh god. What am I saying? ",""
"THBU006JA","Jasper","I hope no one heard that.",""
"THBU007JA","Jasper","EEK! A candle! Get it away from me!",""
"THBU008JA","Jasper","Oh, sorry. I thought that it was lit.",""
"THBV000RA","Raz","Okay, stay right there. I'm going to come over and unmask you now.","Постій вже на місці. Зараз я підійду та зірву з тебе маску."
"THBV001PT","Phantom","I'm a little tea pot, short and stout.","Я маленький чайничок, низенький і товстий."
"THBV002PT","Phantom","Here is my handle. Here is my spout.","Ось і ручка, ось і носик, тільки подивись."
"THBV003PT","Phantom","Just kidding! I AM THE PHANTOM!","Жартую! Я Є ПРИМАРА!"
"THBV004PT","Phantom","Hey, where you going with that. You don't need that.","Ти куди це зібрався з нею? Вона тобі не треба."
"THBV005PT","Phantom","Why don't you just throw that down, before you burn yourself.","Кинь її, поки не обпік сам себе."
"THBW000JA","Jasper","I'll give you all good write-ups in the review if you KILL THAT KID WITH THE GOGGLES!","Я напишу вам повну захоплень рецензію, тільки ВБИЙТЕ ХЛОПА В ОКУЛЯРАХ!"
"THBW001JA","Jasper","Kill him! Get him!","Взяти його! І вбити!"
"THBW002JA","Jasper","Kill him before he gets over here.","Убийте його, поки він не підійшов ближче."
"THBX000RA","Raz","Sing, birdie!","Заспівай-но, пташко!"
"THBX001FF","Orange-Flower","La la la!","Ла-ла-ла!"
"THBX002FF","Orange-Flower","Ow! Ha ha ha! Tweet!","Ай! Ха-ха-ха! Цвірінь!"
"THBX003FF","Orange-Flower","Hey! Tweet! Let go!","Гей! Цвірінь! Пусти!"
"THBX004FF","Orange-Flower","Tweet tweet!","Цвірінь-цвірінь!"
"THBX005FF","Orange-Flower","Oh, god. What is a simple fish like me doing so high out of water?",""
"THBX006FF","Orange-Flower","Soon I will be dead from lack of water!",""
"THBX007FF","Orange-Flower","But I am still happy. Tweet!",""
"THBY000FT","Big-Thistle","Get bent.",""
"THBY001FT","Big-Thistle","Ow! Hey, I'm going to peck your eyes out!","Ой! Гей, я тобі очі випалю!"
"THBY002FT","Big-Thistle","Knock it off! You'll tangle my strings!",""
"THBY003FT","Big-Thistle","O I been on the sea for many a year...",""
"THBY004FT","Big-Thistle","And I've ate me some whale, and I drank me some beer.",""
"THBY005FT","Big-Thistle","I punched me a shark, and I tapped me a keg.",""
"THBY006FT","Big-Thistle","And I carved up me name on the captain's wood leg.",""
"THBY007FT","Big-Thistle","Ahhh! God I hope I die soon! This really, really hurts! Ow! Oh, man! It's so hot! Ow!",""
"THBY008RA","Raz","Nah, I couldn't hold a candle to that. Heh heh heh.",""
"THBZ000RA","Raz","Good boy!","Хороший хлопчик!"
"THBZ001HF","Yellow-Actor","Ruff! Ruff!","Гав! Гав!"
"THBZ002HF","Yellow-Actor","Ow! Too ruff!","Гаф! Краще б себе в руках тримав!"
"THBZ003HF","Yellow-Actor","Ruff! Yay! We're going for a ride! Ruff!","Гаф! Ура! Покатаємось! Гаф!"
"THBZ004HF","Yellow-Actor","Man, I hate that tail! Arrrrr!",""
"THBZ005HF","Yellow-Actor","Ow! Ow! Ow! On fire! Ruff! Ow! Ow! Hot!","Ай! Ай! Ай! Палаю! Гаф! Ай! Ай! Гаряче!"
"THCA000HT","Hound-Actor","You're dead, buddy!","Тобі гаплик, друже!"
"THCA001HT","Hound-Actor","Ow! ","Ой!"
"THCA002HT","Hound-Actor","Son of a--","Син ти..."
"THCA003HT","Hound-Actor","Grrrr! Grrr!","Гр-р-р! Гр-р!"
"THCA004HT","Hound-Actor","Ahh! I hate thistles and dogs! Kill all thistles and dogs!","А-а! Ненавиджу будяки та собак! Убити їх всіх!"
"THCA005HT","Hound-Actor","What the-?!  Holy! Crap! It's--ooh!--I get!--Ow!  Woo! Woo! Ow!  I hate this hot.","Що за?! От халепа! Як... ой! Все, я зрозумів! Ай! Гаф! Гаф! Ах! Нащо так гаряче?"
"THCB000RA","Raz","That Dragon looks pretty fierce. I wonder who can slay such a beast?","Який лютий дракон. Цікаво, хто ж може здолати такого звіра?"
"THCB001RA","Raz","Die! I slay thee with my mighty blast of PSI!","Згинь! Одолію се чудовисько могутнім пострілом ПСИ!"
"THCC000RA","Raz","Hey, what part are you playing!","Гей, а яку роль ти граєш?"
"THCC001SF","Pink-Flower","I am playing the part of Gloria Von Gouton, once famous star of stage and screen.","Я граю роль Ґлорії фон Ґутен, колись відомої зірки театру та кіно."
"THCC002SF","Pink-Flower","Ow! Ha ha! Watch it! Ha ha!","Ай! Ха-ха! Обачніше там! Ха-ха!"
"THCC003SF","Pink-Flower","Weee! Yay! Ha ha ha!","Ві-і-і! Ура! Ха-ха-ха!"
"THCC004SF","Pink-Flower","Oh no, I forgot my lines!","О ні, я забула свої слова!"
"THCC005SF","Pink-Flower","Becky's going to kill me!","Бекі мене приб'є!"
"THCC006SF","Pink-Flower","Concentrate. Focus.","Зосередься. Ну ж бо."
"THCC007SF","Pink-Flower","I am a happy flower. I am a happy flower.","Я — щаслива квітка. Я — щаслива квітка."
"THCC008SF","Pink-Flower","Ahhh. Much better.","А-ах. Вже краще."
"THCC009SF","Pink-Flower","Hot! Ow! Ha ha ha! I don't remember this part in the play! Ow! Ha ha!!","Гаряче! Ой! Ха-ха-ха! Не пам'ятаю, щоб таке було в сценарії! Ай! Ха-ха!!"
"THCD000ST","Small-Thistle","I am playing the part of young Gloria Von Gouton, sent away from home by her mother, and her shady manager. Can't you tell, jerk?","Я граю роль молодої Ґлорії фон Ґутен, яку її мама та сумнівний менеджер відправили далеко від дому. А по мені хіба не видно, дебіле?"
"THCD002ST","Small-Thistle","You'll never work in this town again, jerk!","У цьому місті ти більше не працюватимеш, гадино!"
"THCD003ST","Small-Thistle","Ahhhh!","А-а-ах!"
"THCD004ST","Small-Thistle","Ahhhh! I've always hated you guys!","А-а-ах-х! Завжди вас ненавидів!"
"THCD005ST","Small-Thistle","Ahhhh! This sucks! It's so hot! Man oh man! Ow! Ow! Ow! It's so hot!","А-а-ах! От срака! Як гаряче! Ой-йой! Ай! Ах! Палаю!"
"THCE000FF","Orange-Flower","I am playing the part of Gloria's washed up and embittered mother!","Я граю роль згаслої та озлобленої мати Ґлорії!"
"THCE004FF","Orange-Flower","I hope no one else notices!","Сподіваюсь, більше ніхто не помітить!"
"THCE005FF","Orange-Flower","Okay, just fake it. ","Добре, просто прикинуся."
"THCE006FF","Orange-Flower","Say something happy!","Скажи щось радісне!"
"THCE007FF","Orange-Flower","Oh, I am so happy and I've not forgotten my lines! La di da!","Ох, я так рада, що не забула свої слова! Ла-ді-да!"
"THCE008FF","Orange-Flower","Ahhh. Phew. Okay, I don't think anyone noticed. Thank you, improv class!","А-а-ах. Фух. Ну, наче ніхто не помітив. Уроки імпровізації не пройшли дарма!"
"THCE009FF","Orange-Flower","Hot! Ow! Ha ha ha! This costume isn't fire retardant! Ow! Ha ha!!","Гаряче! Ай! Ха-ха-ха! А костюм-то в мене не термостійкий! Ай! Ха-ха!!"
"THCF000FT","Big-Thistle","Duh, I'm one of Gloria's mean schoolmates, at Hagatha home. Or else I'm her mother. Wait what set am I on? Ah who cares?","Очі роззуй, я одна з грубих однокласниць Ґлорії, в школі Гаґати. А ще граю її мати. Зажди, який в нас сценарій? А, та кому не начхати!"
"THCF002FT","Big-Thistle","I will drop you like a sack of dirt, you try that again!","Я тебе викину як мішок землі, якщо повториш!"
"THCF004FT","Big-Thistle","Ahhhh! You guys have always been against me!","А-а-ах! Ви завжди були проти мене!"
"THCF005FT","Big-Thistle","Ahhhh!  It's so hot! Wow I am hating this! Wow! Ow!","А-а-ах-х! Як гаряче! Як же погано! Йой! Ой! "
"THCG000HF","Yellow-Actor","Well, I have a lot of walk on bits. Oh, and sometimes I do the mail boat guy. It's a small part, but my agent says this is going to be my year!","Ну, зазвичай я багато працюю ногами. А, ну й інколи відіграю поштаря на човні. Хоч це і маленька роль, але агент мені каже, що цей рік буде проривним!"
"THCG001HF","Yellow-Actor","Ow! Ha ha! Hey, careful there! Somebody could get hurt! Ha ha!","Ой! Ха-ха! Гей, обережніше там! Хтось може постраждати! Ха-ха!"
"THCG004HF","Yellow-Actor","This is why I don't get better parts!","Ось тому мені й не пропонують кращі ролі!"
"THCG005HF","Yellow-Actor","Man, what a terrible thing to say.","Йой, як грубо з мого боку."
"THCG006HF","Yellow-Actor","I have to be more positive!","Треба бути більш позитивним!"
"THCG007HF","Yellow-Actor","Oh that's right! I'm a happy flower!","Точно! Я — щаслива квітка!"
"THCG008HF","Yellow-Actor","Hot! Ow! Ha ha ha! I hope I don't die because then the theater would really be inconvenienced. Ow! Ha ha!!","Гаряче! Ой! Ха-ха! Сподіваюсь, я не помру, бо театр тоді добряче влипне. Ай! Ха-ха!!"
"THCH000HT","Hound-Actor","None of your business. Sometimes I'm Mean Schoolgirl Number 1. Sometimes I'm the Shady manager. Right now I'm just really irritated. With you.","Не твоя собача справа. Іноді я підла школярка №1. Іноді я сумнівний менеджер. Але зараз я просто роздратована. Через тебе."
"THCH002HT","Hound-Actor","Get off the stage!","Вали зі сцени!"
"THCH004HT","Hound-Actor","Ahhhh! I want better parts! You guys are all in my way!","А-а-а-ах-х! Я хочу кращі ролі! Чому ви всі мені заважаєте?!"
"THCH005HT","Hound-Actor","Ahhhh! Hot hot hot! Burning sensations! Pain! Aye aye aye! Wow! Ow!","А-а-ах-х! Гаряче, гаряче! Як же пече! Боляче! Ай-ай-ай! Ой! Ух!"
"THCO000SF","Pink-Flower","Oww!",""
"THCI000RA","Raz","I think Becky's not telling me the whole story. ","Здається, Бекі мені щось не договорює."
"THCI001RA","Raz","I should go give her a piece of my mind.","Треба її розпитати."
"THCJ000RA","Raz","Maybe I should come back later when he's not sleeping. He looks too mean to wake up.","Краще повернуся, коли він не спатиме. По ньому видно, що його зараз краще не турбувати."
"THCK000BT","Bonita","Hey! Careful!","Гей! Обережніше!"
"THCK001BT","Bonita","That was a gift from the prince of Romania!","Це був подарунок від принца Румунії!"
"THCK002BT","Bonita","The fans gave me that!","Це був гостинець від фанатів!"
"THCK003BT","Bonita","The President gave me that to keep me quiet about our affair!","Президент дав мені це, щоб я зберігала мовчання про наш роман!"
"THCK004BT","Bonita","Please, you're making a mess!","Прошу, ти влаштовуєш безлад!"
"THCK005BT","Bonita","I could have sold that online for a lot of money!","Я могла б це дорого продати в інтернеті!"
"THCK006BT","Bonita","Oh go ahead. I don't want any mementos of my failed career anyway!","Та, роби що хочеш. Мені все одно не потрібні зайві нагадування про мою провальну кар'єру!"
"THCL000RA","Raz","Jasper really did a number on this spotlight. I'm going to have to use another one.",""
"THCL001RA","Raz","Looks like it needs a candle to work.","Схоже, для роботи потрібна свічка."
"THCL002RA","Raz","Now... how can I light that candle?","Тепер... як же запалити цю свічку?"
"THCM000RA","Raz","Gloria must be in a good mood now.","Певно, Ґлорія зараз у гарному настрої."
"THCM001RA","Raz","Ooh, I'll bet Gloria is in a bad mood now","О-ой, схоже, у Ґлорії поганий настрій."
"THCN000BE","Becky","Hey there kid. What are you doing back here?","Агов, хлопче. Ти чого повернувся?"
"THCN001RA","Raz","Well, you know. It's always good to come back to the stage once in a while to make sure you still know how to act.","Ну, знаєте. Час від часу корисно повертатися на сцену, щоб тримати навички в тонусі."
"THCN002RA","Raz","So why isn't the big Bonita number playing?","А чому Боніта не виступає з грандіозним номером?"
"THCN003BE","Becky","Oh, Bonita's gone.","А, Боніта пішла."
"THCN004RA","Raz","What? Oh no...","Що? О ні..."
"THCN005BE","Becky","Oh, no no no, it's good. We had an amazing sixty week run, three sold-out performances a day, and now she's just on a quick vacation before taking the show on the road.","Ні, ні, ні, все гаразд. Ми провели дивовижні шістдесят тижнів, по три солд-аути на день, і тепер вона у невеличкій відпустці, відновлюється до наступного виїзду."
"THCN006BE","Becky","So the company and I are just practicing some of the old material to get ready for the tour.","Тому ми з компанією практикуємо старий матеріал, готуємось до туру."
"THCN007BE","Becky","Let me know if you want to run some lines or something!","Дай знати, якщо хочеш прогнати деякі сценарії!"
"THCN008RA","Raz","Okay!","Добре!"
"THCN009BE","Becky","La di, da da..","Ла-ді, да-да..."
"THCN010BE","Becky","Mmm mmm mmm...","М-м-м м-м-м м-м-м..."
"THCN011BE","Becky","Doo-do, doo do doooo...","Ду-до, ду-до-ду-у-у-у..."
"THCN012BE","Becky","Mmm mmm doo...","М-м-м м-м ду-у..."
"THCN013BE","Becky","La la, la de dum...","Ла-ла, ла-де-дум..."
"THZA000TO","System","Doing a great job, Becky!","Добре справляєтесь, Бекі!"
"THZA001TO","System","Where do I find a script?","Де мені знайти сценарій?"
"THZA002TO","System","They need you on stage right away for your big number!","Вас кличуть на сцену, на ваш грандіозний номер!"
"THZA003TO","System","So, are you ready for your big number?","Отже, ви готові до вашого грандіозного номера?"
"THZA004TO","System","Is there any way I can get you to take the stage?","Що мені зробити, щоб ви вийшли на сцену?"
"THZA005TO","System","Now you see, that performance is exactly why we need to practice.","Бачите, той виступ був черговим доказом, як важливо репетирувати."
"THZA006TO","System","The show must go on!","Шоу має продовжуватись!"
"THZA007TO","System","Hey, why do you have to be so hard on Bonita?","Чому ви так жорстокі з Бонітою?"
"THZA008TO","System","Alright, later, you old gas bag.","Бувай, старий пердуне."
"THZA009TO","System","Becky, can we see the ""Knight of Joy"" again?","Бекі, можемо знову продивитись «Лицаря щастя»?"
"THZA010TO","System","""The Day the Mail Boat Finally Came"" needs another run-through, I think.","Думаю, «День, коли прибув поштовий човен» треба прогнати ще раз."
"THZA011TO","System","Let's do ""Goodbye Hagatha Home"" once more, okay?","Поставимо «Прощавай, Гаґатів дім» ще разок, добре?"
"THZA012TO","System","I haven't seen any plays. How do I see a play?","Я не бачив жодних п'єс. Як мені їх організувати?"
"THZA013TO","System","You're not scared of that Phantom are you?","Ви ж не боїтеся Примару, так?"
"THZA014TO","System","So, you're not going out on stage?","Тож, ви не вийдете на сцену?"
"THZA015TO","System","So, who's that crying?","А хто плаче?"
"THZA016TO","System","I'll leave you alone now.","Залишу вас наодинці. "
"THZA017TO","System","Bonita's just trying to lighten things up around here!","Боніта тут — єдиний промінь світла в темряві!"
"THZA018TO","System","If you can't say something nice, don't say anything at all.","Якщо не можете сказати щось приємне, то краще вже помовчіть."
"THZA019TO","System","If you hate the show so much, why don't you just leave?","Якщо ці вистави настільки нестерпні, то чому ви просто не підете?"
"THZA021TO","System","{AButton}Jump in",""
"THZA022TO","System","{BButton}Come back later","{BButton}Повернутися пізніше"
"THZF000TO","System","Punch switch to change moods.","Ударте, щоб перемкнути настрій."
"THZZ000TO","System","HAGATHA HOME FOR GIRLS","ШКОЛА ДЛЯ ДІВЧАТ ГАҐАТИ"
"THZZ001TO","System","Mother. Suicide.","Мати. Суїцид."
"THZZ002TO","System","Foul!",""
"THZZ003TO","System","Vulgar!",""
"THZZ004TO","System","Awkward!",""
"THZZ006TO","System","Strained!",""
"THZZ007TO","System","Tired!",""
"THZZ008TO","System","Witless!",""
"THZZ009TO","System","Shallow!",""
"THZZ010TO","System","Stale!",""
"THZZ011TO","System","Crude!",""
